2018-08-21,1234,праздничный кекс на ДР 
2018-08-21,1234,праздничный кекс 
2018-08-23,1234,праздничный кекс на ДР 
2018-08-23,1234,праздничный кекс на ДР 
2018-08-23,1234,праздничный кекс на ДР 
2018-08-23,1234,праздничный кекс на ДР 
2018-08-21,1234,праздничный кекс на ДР 
2018-08-23,1234,праздничный кекс на ДР 
2018-08-23,1234,праздничный кекс на ДР 
2018-08-23,1234,праздничный кекс на ДР 
2018-08-23,1234,праздничный кекс на ДР  
2018-08-23,1234,праздничный кекс на ДР 
2018-08-23,1234,праздничный кекс на ДР 
2018-08-23,1234,праздничный кекс на ДР 
2018-08-22,1234,праздничный кекс на ДР 
2018-08-23,1234,праздничный кекс на ДР 
2018-08-23,1234,праздничный кекс на ДР 
2018-08-23,1234,праздничный кекс на ДР 
2018-08-23,1234,праздничный кекс на ДР 
2018-08-23,1234,праздничный кекс на ДР 
2018-08-23,1000,кекс на ДР 
